Employee_Id,First_Name,Last_Name,Position_Name,Branch_Id
2001,'Lori','Reeves',Bank Teller',201
2002,'Robert','Grant',Loan Officer',201
2003,'Zachary','Villegas',Financial Advisor',201
2004,'Michele','Walker',Customer Service Representative',201
2005,'Willie','Miller',Investment Banker',201
2006,'Erin','Smith',Bank Teller',202
2007,'Brandon','Hernandez',Loan Officer',202
2008,'Kimberly','Nelson',Financial Advisor',202
2009,'Brittney','Bryant',Customer Service Representative',202
2010,'Austin','Jacobs',Investment Banker',202
2011,'Hannah','Edwards',Bank Teller',203
2012,'Laurie','Wheeler',Loan Officer',203
2013,'Caitlin','Perry',Financial Advisor',203
2014,'Daniel','Martin',Customer Service Representative',203
2015,'Dominic','Ritter',Investment Banker',203
2016,'Malik','Hurley',Bank Teller',204
2017,'Jessica','Wright',Loan Officer',204
2018,'Christina','Smith',Financial Advisor',204
2019,'Chad','Mitchell',Customer Service Representative',204
2020,'Samantha','Grant',Investment Banker',204
2021,'Matthew','Thompson',Bank Teller',205
2022,'Gregory','Williams',Loan Officer',205
2023,'Tina','Webb',Financial Advisor',205
2024,'Jeremy','Navarro',Customer Service Representative',205
2025,'Stacy','Chavez',Investment Banker',205
